customerID,SeniorCitizen,Partner,Dependents,tenure,PhoneService,MultipleLines,InternetService,OnlineSecurity,OnlineBackup,DeviceProtection,TechSupport,StreamingTV,StreamingMovies,Contract,PaperlessBilling,PaymentMethod,MonthlyCharges,TotalCharges,num_services,Is_a_new_customer,Churn_Prediction,Churn_Probability_0,Churn_Probability_1
9220-CXRSC,0,Yes,Yes,69,Yes,Yes,DSL,Yes,No,No,Yes,No,No,Two year,No,Credit card (automatic),61.4,4059.85,2,0,0,0.9864302457721381,0.013569754227861925
1207-BLKSA,0,Yes,Yes,52,Yes,Yes,No,No internet service,No internet service,No internet service,No internet service,No internet service,No internet service,Two year,No,Mailed check,23.05,1255.1,0,0,0,0.9822740970904154,0.017725902909584677
0596-BQCEQ,0,Yes,Yes,62,Yes,No,Fiber optic,No,Yes,Yes,No,Yes,Yes,Month-to-month,Yes,Electronic check,100.15,6283.3,4,0,1,0.392978966097719,0.607021033902281
3129-AAQOU,0,Yes,Yes,19,Yes,Yes,No,No internet service,No internet service,No internet service,No internet service,No internet service,No internet service,Two year,No,Mailed check,25.6,485.9,0,0,0,0.9244547809730023,0.07554521902699769
1635-FJFCC,0,No,No,5,Yes,No,DSL,No,No,No,No,No,No,Month-to-month,Yes,Credit card (automatic),44.05,202.15,0,0,1,0.3968707842983259,0.6031292157016741
2144-ESWKO,0,No,No,43,No,No phone service,DSL,Yes,No,Yes,No,No,No,One year,Yes,Credit card (automatic),35.2,1463.7,2,0,0,0.8525145791563299,0.14748542084367008
8035-BUYVG,0,Yes,No,40,No,No phone service,DSL,Yes,Yes,Yes,No,No,No,One year,Yes,Electronic check,42.35,1716.45,3,0,0,0.7720530071812446,0.22794699281875544
1785-BPHTP,0,Yes,Yes,28,Yes,No,Fiber optic,No,No,Yes,No,Yes,No,Month-to-month,No,Electronic check,85.45,2289.9,2,0,1,0.328636069429488,0.671363930570512
4273-MBHYA,0,No,Yes,1,Yes,No,Fiber optic,No,No,No,No,Yes,Yes,Month-to-month,Yes,Electronic check,89.35,89.35,2,0,1,0.10439913008505675,0.8956008699149433
3339-EAQNV,1,Yes,No,72,Yes,Yes,Fiber optic,No,Yes,No,No,Yes,Yes,One year,Yes,Credit card (automatic),97.25,7133.1,3,0,0,0.5953958452347042,0.40460415476529576
3070-FNFZQ,0,Yes,Yes,23,Yes,No,No,No internet service,No internet service,No internet service,No internet service,No internet service,No internet service,Two year,No,Bank transfer (automatic),20.4,478.75,0,0,0,0.9483615419183418,0.05163845808165826
7508-MYBOG,0,Yes,No,14,Yes,Yes,Fiber optic,No,No,No,No,Yes,No,Month-to-month,Yes,Electronic check,86.1,1235.55,1,0,1,0.15026691923985247,0.8497330807601475
6416-YJTTB,0,No,No,11,Yes,No,Fiber optic,Yes,No,Yes,No,No,No,Month-to-month,Yes,Bank transfer (automatic),79.5,795.65,2,0,1,0.3522595627310172,0.6477404372689828
7294-TMAOP,0,No,No,1,Yes,No,Fiber optic,No,No,No,No,Yes,Yes,Month-to-month,No,Electronic check,90.55,90.55,2,0,1,0.12073451618225783,0.8792654838177422
0259-GBZSH,0,No,No,2,Yes,Yes,Fiber optic,No,No,No,No,Yes,No,Month-to-month,Yes,Electronic check,85.65,181.5,1,0,1,0.10797463200821855,0.8920253679917814
8681-ICONS,0,Yes,Yes,29,Yes,No,No,No internet service,No internet service,No internet service,No internet service,No internet service,No internet service,Month-to-month,Yes,Mailed check,20.65,654.85,0,0,0,0.828012716472146,0.17198728352785392
2070-FNEXE,1,No,No,7,Yes,No,Fiber optic,Yes,No,No,No,No,No,Month-to-month,No,Bank transfer (automatic),76.45,503.6,1,0,1,0.3090232672413852,0.6909767327586148
6746-WAUWT,0,No,No,19,Yes,No,No,No internet service,No internet service,No internet service,No internet service,No internet service,No internet service,One year,Yes,Credit card (automatic),19.7,386.5,0,0,0,0.8603585380273915,0.13964146197260846
4291-SHSBH,0,No,No,7,Yes,No,Fiber optic,No,No,No,No,No,No,Month-to-month,Yes,Electronic check,69.55,521.35,0,0,1,0.17511157714302383,0.8248884228569762
0685-MLYYM,1,No,No,2,Yes,No,Fiber optic,No,No,No,No,No,No,Month-to-month,No,Electronic check,70.75,154.85,0,0,1,0.15114018093007697,0.848859819069923
