customerID,SeniorCitizen,Partner,Dependents,tenure,PhoneService,MultipleLines,InternetService,OnlineSecurity,OnlineBackup,DeviceProtection,TechSupport,StreamingTV,StreamingMovies,Contract,PaperlessBilling,PaymentMethod,MonthlyCharges,TotalCharges,num_services,Is_a_new_customer
9220-CXRSC,0,Yes,Yes,69,Yes,Yes,DSL,Yes,No,No,Yes,No,No,Two year,No,Credit card (automatic),61.4,4059.85,2,0
1207-BLKSA,0,Yes,Yes,52,Yes,Yes,No,No internet service,No internet service,No internet service,No internet service,No internet service,No internet service,Two year,No,Mailed check,23.05,1255.1,0,0
0596-BQCEQ,0,Yes,Yes,62,Yes,No,Fiber optic,No,Yes,Yes,No,Yes,Yes,Month-to-month,Yes,Electronic check,100.15,6283.3,4,0
3129-AAQOU,0,Yes,Yes,19,Yes,Yes,No,No internet service,No internet service,No internet service,No internet service,No internet service,No internet service,Two year,No,Mailed check,25.6,485.9,0,0
1635-FJFCC,0,No,No,5,Yes,No,DSL,No,No,No,No,No,No,Month-to-month,Yes,Credit card (automatic),44.05,202.15,0,0
2144-ESWKO,0,No,No,43,No,No phone service,DSL,Yes,No,Yes,No,No,No,One year,Yes,Credit card (automatic),35.2,1463.7,2,0
8035-BUYVG,0,Yes,No,40,No,No phone service,DSL,Yes,Yes,Yes,No,No,No,One year,Yes,Electronic check,42.35,1716.45,3,0
1785-BPHTP,0,Yes,Yes,28,Yes,No,Fiber optic,No,No,Yes,No,Yes,No,Month-to-month,No,Electronic check,85.45,2289.9,2,0
4273-MBHYA,0,No,Yes,1,Yes,No,Fiber optic,No,No,No,No,Yes,Yes,Month-to-month,Yes,Electronic check,89.35,89.35,2,0
3339-EAQNV,1,Yes,No,72,Yes,Yes,Fiber optic,No,Yes,No,No,Yes,Yes,One year,Yes,Credit card (automatic),97.25,7133.1,3,0
3070-FNFZQ,0,Yes,Yes,23,Yes,No,No,No internet service,No internet service,No internet service,No internet service,No internet service,No internet service,Two year,No,Bank transfer (automatic),20.4,478.75,0,0
7508-MYBOG,0,Yes,No,14,Yes,Yes,Fiber optic,No,No,No,No,Yes,No,Month-to-month,Yes,Electronic check,86.1,1235.55,1,0
6416-YJTTB,0,No,No,11,Yes,No,Fiber optic,Yes,No,Yes,No,No,No,Month-to-month,Yes,Bank transfer (automatic),79.5,795.65,2,0
7294-TMAOP,0,No,No,1,Yes,No,Fiber optic,No,No,No,No,Yes,Yes,Month-to-month,No,Electronic check,90.55,90.55,2,0
0259-GBZSH,0,No,No,2,Yes,Yes,Fiber optic,No,No,No,No,Yes,No,Month-to-month,Yes,Electronic check,85.65,181.5,1,0
8681-ICONS,0,Yes,Yes,29,Yes,No,No,No internet service,No internet service,No internet service,No internet service,No internet service,No internet service,Month-to-month,Yes,Mailed check,20.65,654.85,0,0
2070-FNEXE,1,No,No,7,Yes,No,Fiber optic,Yes,No,No,No,No,No,Month-to-month,No,Bank transfer (automatic),76.45,503.6,1,0
6746-WAUWT,0,No,No,19,Yes,No,No,No internet service,No internet service,No internet service,No internet service,No internet service,No internet service,One year,Yes,Credit card (automatic),19.7,386.5,0,0
4291-SHSBH,0,No,No,7,Yes,No,Fiber optic,No,No,No,No,No,No,Month-to-month,Yes,Electronic check,69.55,521.35,0,0
0685-MLYYM,1,No,No,2,Yes,No,Fiber optic,No,No,No,No,No,No,Month-to-month,No,Electronic check,70.75,154.85,0,0
